snapshot_utc,video_id,posted_utc,age_hours,duration_s,views,likes,comments,shares,saves,desc
2026-10-09T17:19,7694397039211253025,2026-10-08T20:29,20.8,40,725,30,1,1,3,"Nicola Bulley case. | UK crime story. A missing mother’s body found miles from where she vanished, clues vanished too. W"
2026-10-09T17:19,7694364992589679905,2026-10-08T18:25,22.9,37,813,14,0,0,2,"Janet Brown case. | UK crime story. She set off the alarm, yet the intruder vanished. What could the motive be? #ukcrime"
2026-10-09T17:19,7694327068481293600,2026-10-08T15:58,25.4,37,705,14,1,0,1,Andrew Cunningham case. | UK crime story. A shocking murder near a packed pub. Was it revenge or robbery? #ukcrime #crim
2026-10-09T17:19,7694026221360778529,2026-10-07T20:31,44.8,35,280,25,1,0,3,"Lindsay Rimer case. | UK crime story. A teen vanished after buying cornflakes, her body later found in a canal. Why was "
2026-10-09T17:19,7693993856353701153,2026-10-07T18:25,46.9,44,747,11,0,0,0,"Carole Packman case. | UK crime story. A husband faked his death, then vanished his wife without a trace. Where is Carol"
2026-10-09T17:19,7693954156461133088,2026-10-07T15:51,49.5,43,733,13,0,0,2,"April Fabb case. | UK crime story. A 14‑year‑old vanished in minutes, leaving only her bike behind. Did she fall, get ab"
2026-10-09T17:19,7693579992860577056,2026-10-06T15:39,73.7,37,709,13,0,0,2,"Lyn Bryant case. | UK crime story. A peaceful walk turned deadly beside a tiny chapel. The driver, the white van, and th"
2026-10-09T17:19,7693453923545369888,2026-10-06T07:30,81.8,26,739,14,0,0,1,Ipswich serial murders case. | UK crime story. Five bodies were found in Ipswich. How did police connect these separate 
2026-10-09T17:19,7693238782992174368,2026-10-05T17:35,95.7,32,258,31,1,0,5,Kate Bushell case. | UK crime story. A teen vanished near her home. Who were the strangers seen that night? #ukcrime #cr
2026-10-09T17:19,7692883830927084833,2026-10-04T18:37,118.7,42,847,25,1,0,2,Lisa Hession case. | UK crime story. She went missing in ninety minutes. The motive and link to local assaults remain un
2026-10-09T17:19,7692847004338113824,2026-10-04T16:15,121.1,36,256,23,3,2,4,Emily Armstrong case. | UK crime story. A quiet dry‑cleaner turned crime scene when a handkerchief appeared. Why did the
2026-10-09T17:19,7692819751910837537,2026-10-04T14:29,122.8,40,751,19,0,0,0,Sandy Davidson case. | UK crime story. Garden Gate Mystery: Child Disappears Chasing Dog #ukcrime #crimetok #truecrime #
2026-10-09T17:19,7692485248524815649,2026-10-03T16:51,144.5,34,786,8,0,1,1,Billie-Jo Jenkins case. | UK crime story. A tent peg turned into a deadly weapon in a teen's garden. What really happene
2026-10-09T17:19,7679523624922991875,2026-08-29T18:33,982.8,41,349,32,2,0,3,Helen Fleet case. | UK crime story. She called police four times to confess — and no one ever proved if she was telling 
2026-10-09T17:19,7679449889666895127,2026-08-29T13:47,987.5,23,765,11,0,0,2,Arlene Fraser case. | UK crime story. A burnt Fiesta hides a vanished mother’s secret. Where is Arlene’s body and what e
2026-10-09T17:19,7679354232058727702,2026-08-29T07:36,993.7,67,869,28,1,0,4,"Alex Sloley case. | UK crime story. He walked home for his birthday at sixteen, and the planet just swallowed him. No CC"
2026-10-09T17:19,7679164180154289430,2026-08-28T19:19,1006.0,74,285,14,0,0,3,A night of dancing ends with a silver Volvo vanishing into darkness.  Deal or abduction? #truecrime #truecrimetiktok #tr
2026-10-09T17:19,7679160242956963094,2026-08-28T19:03,1006.3,65,790,33,3,1,3,A 14‑year‑old vanished from King’s Cross after a mysterious cash withdrawal. Kidnapped or ran away? #truecrime #truecrim
2026-10-09T17:19,7679070150636686614,2026-08-28T13:14,1012.1,67,759,27,1,1,4,A teen vanished from a packed London tube with only a yellow bag. Kidnapped or runaway? #truecrime #truecrimetiktok #tru
2026-10-09T17:19,7678061070090652950,2026-08-25T19:58,1077.4,71,374,33,2,3,2,Six‑Year‑Old Vanishes After Walking Home​ #truecrime #truecrimetiktok #truecrimecommunity #disappearance #EtanPatz
2026-10-09T17:19,7677953057879100694,2026-08-25T12:59,1084.3,66,321,25,1,0,3,"A 73‑year‑old found dead in her flat, neighbors heard nothing after 9 p.m. Was it a random robbery, or a targeted attack"
2026-10-09T17:19,7676800594526637314,2026-08-22T10:27,1158.9,63,732,3,0,0,1,Murder at Newington: Secrets #truecrime #truecrimetiktok #truecrimecommunity #unsolved #coldcase
2026-10-09T17:19,7676456670943268118,2026-08-21T12:12,1181.1,72,847,11,0,2,3,Balcony Vanish: Daughter Dis #truecrime #truecrimetiktok #truecrimecommunity #disappearance #AmyLynnBradley
2026-10-09T17:19,7676153070690094358,2026-08-20T16:34,1200.8,62,358,17,0,1,4,Cousins Vanish at Utah #truecrime #truecrimetiktok #truecrimecommunity #murder #utah
2026-10-09T17:19,7672760029682093334,2026-08-11T13:07,1420.2,37,363,19,1,0,2,Mystery in Philadelphia. Accident or murder? #truecrime #truecrimetiktok #truecrimecommunity #disappearance #Imbo
2026-10-09T17:19,7672718092161617174,2026-08-11T10:25,1422.9,48,303,24,2,0,1,Woman vanishes at station. Murder or accident? #truecrime #truecrimetiktok #truecrimecommunity #disappearance #MacDiarmi
2026-10-09T17:19,7670517233780739350,2026-08-05T12:04,1565.3,54,261,10,1,0,2,Journalists vanish in Syria. Accident or kidnapping? #truecrime #truecrimetiktok #truecrimecommunity #kidnapping #Pampli
2026-10-09T17:19,7668676796283440406,2026-07-31T13:02,1684.3,55,321,17,0,0,2,Murders in a small town. Accident or murder? #truecrime #truecrimetiktok #truecrimecommunity #unsolved #LewisClark
2026-10-09T17:19,7668601030401166614,2026-07-31T08:08,1689.2,62,701,13,0,0,5,Deadly drinks everywhere. Accident or sabotage? #truecrime #truecrimetiktok #truecrimecommunity #murder #paraquat
2026-10-09T17:19,7667605651031330070,2026-07-28T15:46,1753.6,61,278,19,1,0,4,Man kidnapped in Iraq. War or diplomacy? #truecrime #truecrimetiktok #truecrimecommunity #kidnapping #delacruz
2026-10-09T17:19,7665803858110680342,2026-07-23T19:14,1870.1,70,261,10,0,0,3,Two officers pulled off the boldest kidnapping of World War II. Strategic success or propaganda victory? #truecrime #tru
2026-10-09T17:19,7665404105988394262,2026-07-22T17:22,1896.0,47,731,8,0,0,3,Death for a text. Guilty or framed? #truecrime #truecrimetiktok #truecrimecommunity #blasphemy #unsolved
2026-10-09T17:19,7665020369006300438,2026-07-21T16:33,1920.8,56,754,27,0,0,3,Cold case mystery deepens. Accident or murder? #truecrime #truecrimetiktok #truecrimecommunity #murder #Ormesher
2026-10-09T17:19,7664651252717997334,2026-07-20T16:41,1944.6,59,255,9,1,0,2,Teen vanishes without a clue. What do you think happened to her? #truecrime #documentary #wisconsin #disappearance #1950
2026-10-09T17:19,7664629251047443734,2026-07-20T15:16,1946.1,57,836,43,1,0,2,Woman vanishes at gas station. What do you think happened to her? #truecrime #documentary #texas #disappearance #2020s
2026-10-09T17:19,7664572841953692950,2026-07-20T11:37,1949.7,53,320,23,0,0,3,"Child murdered, case closed. What really happened? #truecrime #documentary #philadelphia #murder #1980s"
2026-10-09T17:19,7664219125237009686,2026-07-19T12:44,1972.6,59,847,55,2,0,6,Boy vanishes while playing. What do you think happened to him? #truecrime #documentary #India #disappearance #2000s
2026-10-09T17:19,7664180416194219286,2026-07-19T10:14,1975.1,62,743,11,0,0,2,Mysterious death in Bogotá. What do you think happened to Luis Andres Colmenares? #truecrime #documentary #colombia #mur
2026-10-09T17:19,7663910396830453014,2026-07-18T16:46,1992.6,65,794,20,1,0,1,Aid workers vanish. What drove the kidnappers? #truecrime #documentary #sudan #kidnapping #2000s
2026-10-09T17:19,7663850332262305046,2026-07-18T12:53,1996.4,60,276,17,1,0,2,Teen dies in brawl. What really happened that night? #truecrime #documentary #ireland #murder #2000s
2026-10-09T17:19,7663795684457434390,2026-07-18T09:21,2000.0,56,267,18,1,0,4,Murder in a summerhouse. What drove the killer to commit this crime? #truecrime #documentary #uk #murder #1900s
2026-10-09T17:19,7663535394587446530,2026-07-17T16:31,2016.8,82,374,32,1,0,6,Three girls vanished in Vienna but the truth was not what it seemed. Do you think a single killer was responsible for th
2026-10-09T17:19,7663512944780512534,2026-07-17T15:04,2018.3,72,263,7,0,1,3,One block of marble hides a brutal secret. What do you think the sculptor was actually thinking? #truecrime #documentary
2026-10-09T17:19,7663457889155026198,2026-07-17T11:30,2021.8,52,745,10,0,0,2,Mysterious death of a journalist. What do you think happened? #truecrime #documentary #Florida #murder #2000s
2026-10-09T17:19,7663448643042692374,2026-07-17T10:54,2022.4,59,2006,33,0,0,3,#truecrime #truecrimetiktok #truecrimecommunity #coldcase #unsolved          
2026-10-09T17:19,7652703649130417430,2026-06-18T11:58,2717.4,46,724,13,2,0,3,0verlypaid
2026-10-09T17:19,7652445430311095574,2026-06-17T19:16,2734.1,57,745,34,1,1,3,Family Brutally Murdered In Cold Blood #truecrime #truecrimetiktok #truecrimecommunity #coldcase #unsolved          
2026-10-09T17:19,7652031258263932182,2026-06-16T16:29,2760.8,66,928,47,2,0,4,Desperate whisper sparks deadly mystery #truecrime #truecrimetiktok #truecrimecommunity #coldcase #unsolved          
2026-10-09T17:19,7651932515124415766,2026-06-16T10:06,2767.2,56,1008,27,2,0,2,Family of Four Brutally Murdered Overnight #truecrime #truecrimetiktok #truecrimecommunity #coldcase #unsolved          
2026-10-09T17:19,7650914315708534038,2026-06-13T16:15,2833.1,49,302,11,0,0,1,Axe Kills Five in One Night #truecrime #truecrimetiktok #truecrimecommunity #coldcase #unsolved          
2026-10-09T17:19,7650874138927615254,2026-06-13T13:39,2835.7,58,734,27,0,0,2,Family of three brutally murdered instantly #truecrime #truecrimetiktok #truecrimecommunity #coldcase #unsolved         
2026-10-09T17:19,7650828154604457238,2026-06-13T10:40,2838.7,60,807,13,1,0,1,Bully murdered in broad daylight chaos #truecrime #truecrimetiktok #truecrimecommunity #coldcase #unsolved          
2026-10-09T17:19,7650568376988798230,2026-06-12T17:52,2855.5,54,253,18,0,0,1,Dead Man's Note Exposes Murder Conspiracy #truecrime #truecrimetiktok #truecrimecommunity #coldcase #unsolved          
2026-10-09T17:19,7650519934396681494,2026-06-12T14:44,2858.6,64,734,44,3,2,5,Tobacco Farmer Murders Entire Family #truecrime #truecrimetiktok #truecrimecommunity #coldcase #unsolved          
2026-10-09T17:19,7650475867365330198,2026-06-12T11:53,2861.4,54,351,24,0,0,3,Maura Murray's Mysterious Crash #truecrime #truecrimetiktok #truecrimecommunity #coldcase #unsolved          
2026-10-09T17:19,7650204933215538454,2026-06-11T18:22,2879.0,59,299,13,0,0,0,Mysterious Brand Leaves Investigators Baffled Forever #truecrime #truecrimetiktok #truecrimecommunity #coldcase #unsolve
2026-10-09T17:19,7650114318582762774,2026-06-11T12:30,2884.8,58,955,14,0,3,2,Tara Calico's chilling disappearance revealed #truecrime #truecrimetiktok #truecrimecommunity #coldcase #unsolved       
2026-10-09T17:19,7649838399452351767,2026-06-10T18:40,2902.7,61,298,13,1,0,1,Nun's Body Found Bludgeoned to Death #truecrime #truecrimetiktok #truecrimecommunity #coldcase #unsolved          
2026-10-09T17:19,7649795697377611010,2026-06-10T15:54,2905.4,40,294,13,0,0,2,Hikers found mutilated and radioactive nearby #truecrime #truecrimetiktok #truecrimecommunity #coldcase #unsolved       
2026-10-09T17:19,7649736747475258646,2026-06-10T12:05,2909.2,40,305,14,1,0,0,Husband Reports Wife Missing Too Late #truecrime #truecrimetiktok #truecrimecommunity #coldcase #unsolved       
2026-10-09T17:19,7649718364000046358,2026-06-10T10:54,2910.4,46,293,30,1,1,4,Bodies found with no struggle signs #horror #scarystory #horrortok #scarytok #fyp          
2026-10-09T17:25,7694397039211253025,2026-10-08T20:29,20.9,40,725,30,1,1,3,"Nicola Bulley case. | UK crime story. A missing mother’s body found miles from where she vanished, clues vanished too. W"
2026-10-09T17:25,7694364992589679905,2026-10-08T18:25,23.0,37,813,14,0,0,2,"Janet Brown case. | UK crime story. She set off the alarm, yet the intruder vanished. What could the motive be? #ukcrime"
2026-10-09T17:25,7694327068481293600,2026-10-08T15:58,25.5,37,705,14,1,0,1,Andrew Cunningham case. | UK crime story. A shocking murder near a packed pub. Was it revenge or robbery? #ukcrime #crim
2026-10-09T17:25,7694026221360778529,2026-10-07T20:31,44.9,35,280,25,1,0,3,"Lindsay Rimer case. | UK crime story. A teen vanished after buying cornflakes, her body later found in a canal. Why was "
2026-10-09T17:25,7693993856353701153,2026-10-07T18:25,47.0,44,747,11,0,0,0,"Carole Packman case. | UK crime story. A husband faked his death, then vanished his wife without a trace. Where is Carol"
2026-10-09T17:25,7693954156461133088,2026-10-07T15:51,49.6,43,733,13,0,0,2,"April Fabb case. | UK crime story. A 14‑year‑old vanished in minutes, leaving only her bike behind. Did she fall, get ab"
2026-10-09T17:25,7693579992860577056,2026-10-06T15:39,73.8,37,709,13,0,0,2,"Lyn Bryant case. | UK crime story. A peaceful walk turned deadly beside a tiny chapel. The driver, the white van, and th"
2026-10-09T17:25,7693453923545369888,2026-10-06T07:30,81.9,26,739,14,0,0,1,Ipswich serial murders case. | UK crime story. Five bodies were found in Ipswich. How did police connect these separate 
2026-10-09T17:25,7693238782992174368,2026-10-05T17:35,95.8,32,258,31,1,0,5,Kate Bushell case. | UK crime story. A teen vanished near her home. Who were the strangers seen that night? #ukcrime #cr
2026-10-09T17:25,7692883830927084833,2026-10-04T18:37,118.8,42,847,25,1,0,2,Lisa Hession case. | UK crime story. She went missing in ninety minutes. The motive and link to local assaults remain un
2026-10-09T17:25,7692847004338113824,2026-10-04T16:15,121.2,36,256,23,3,2,4,Emily Armstrong case. | UK crime story. A quiet dry‑cleaner turned crime scene when a handkerchief appeared. Why did the
2026-10-09T17:25,7692819751910837537,2026-10-04T14:29,122.9,40,751,19,0,0,0,Sandy Davidson case. | UK crime story. Garden Gate Mystery: Child Disappears Chasing Dog #ukcrime #crimetok #truecrime #
2026-10-09T17:25,7692485248524815649,2026-10-03T16:51,144.6,34,786,8,0,1,1,Billie-Jo Jenkins case. | UK crime story. A tent peg turned into a deadly weapon in a teen's garden. What really happene
2026-10-09T17:25,7679523624922991875,2026-08-29T18:33,982.9,41,349,32,2,0,3,Helen Fleet case. | UK crime story. She called police four times to confess — and no one ever proved if she was telling 
2026-10-09T17:25,7679449889666895127,2026-08-29T13:47,987.6,23,765,11,0,0,2,Arlene Fraser case. | UK crime story. A burnt Fiesta hides a vanished mother’s secret. Where is Arlene’s body and what e
2026-10-09T17:25,7679354232058727702,2026-08-29T07:36,993.8,67,869,28,1,0,4,"Alex Sloley case. | UK crime story. He walked home for his birthday at sixteen, and the planet just swallowed him. No CC"
2026-10-09T17:25,7679164180154289430,2026-08-28T19:19,1006.1,74,285,14,0,0,3,A night of dancing ends with a silver Volvo vanishing into darkness.  Deal or abduction? #truecrime #truecrimetiktok #tr
2026-10-09T17:25,7679160242956963094,2026-08-28T19:03,1006.4,65,790,33,3,1,3,A 14‑year‑old vanished from King’s Cross after a mysterious cash withdrawal. Kidnapped or ran away? #truecrime #truecrim
2026-10-09T17:25,7679070150636686614,2026-08-28T13:14,1012.2,67,759,27,1,1,4,A teen vanished from a packed London tube with only a yellow bag. Kidnapped or runaway? #truecrime #truecrimetiktok #tru
2026-10-09T17:25,7678061070090652950,2026-08-25T19:58,1077.5,71,374,33,2,3,2,Six‑Year‑Old Vanishes After Walking Home​ #truecrime #truecrimetiktok #truecrimecommunity #disappearance #EtanPatz
2026-10-09T17:25,7677953057879100694,2026-08-25T12:59,1084.4,66,321,25,1,0,3,"A 73‑year‑old found dead in her flat, neighbors heard nothing after 9 p.m. Was it a random robbery, or a targeted attack"
2026-10-09T17:25,7676800594526637314,2026-08-22T10:27,1159.0,63,732,3,0,0,1,Murder at Newington: Secrets #truecrime #truecrimetiktok #truecrimecommunity #unsolved #coldcase
2026-10-09T17:25,7676456670943268118,2026-08-21T12:12,1181.2,72,847,11,0,2,3,Balcony Vanish: Daughter Dis #truecrime #truecrimetiktok #truecrimecommunity #disappearance #AmyLynnBradley
2026-10-09T17:25,7676153070690094358,2026-08-20T16:34,1200.9,62,358,17,0,1,4,Cousins Vanish at Utah #truecrime #truecrimetiktok #truecrimecommunity #murder #utah
2026-10-09T17:25,7672760029682093334,2026-08-11T13:07,1420.3,37,363,19,1,0,2,Mystery in Philadelphia. Accident or murder? #truecrime #truecrimetiktok #truecrimecommunity #disappearance #Imbo
2026-10-09T17:25,7672718092161617174,2026-08-11T10:25,1423.0,48,303,24,2,0,1,Woman vanishes at station. Murder or accident? #truecrime #truecrimetiktok #truecrimecommunity #disappearance #MacDiarmi
2026-10-09T17:25,7670517233780739350,2026-08-05T12:04,1565.4,54,261,10,1,0,2,Journalists vanish in Syria. Accident or kidnapping? #truecrime #truecrimetiktok #truecrimecommunity #kidnapping #Pampli
2026-10-09T17:25,7668676796283440406,2026-07-31T13:02,1684.4,55,321,17,0,0,2,Murders in a small town. Accident or murder? #truecrime #truecrimetiktok #truecrimecommunity #unsolved #LewisClark
2026-10-09T17:25,7668601030401166614,2026-07-31T08:08,1689.3,62,701,13,0,0,5,Deadly drinks everywhere. Accident or sabotage? #truecrime #truecrimetiktok #truecrimecommunity #murder #paraquat
2026-10-09T17:25,7667605651031330070,2026-07-28T15:46,1753.7,61,278,19,1,0,4,Man kidnapped in Iraq. War or diplomacy? #truecrime #truecrimetiktok #truecrimecommunity #kidnapping #delacruz
2026-10-09T17:25,7665803858110680342,2026-07-23T19:14,1870.2,70,261,10,0,0,3,Two officers pulled off the boldest kidnapping of World War II. Strategic success or propaganda victory? #truecrime #tru
2026-10-09T17:25,7665404105988394262,2026-07-22T17:22,1896.1,47,731,8,0,0,3,Death for a text. Guilty or framed? #truecrime #truecrimetiktok #truecrimecommunity #blasphemy #unsolved
2026-10-09T17:25,7665020369006300438,2026-07-21T16:33,1920.9,56,754,27,0,0,3,Cold case mystery deepens. Accident or murder? #truecrime #truecrimetiktok #truecrimecommunity #murder #Ormesher
2026-10-09T17:25,7664651252717997334,2026-07-20T16:41,1944.7,59,255,9,1,0,2,Teen vanishes without a clue. What do you think happened to her? #truecrime #documentary #wisconsin #disappearance #1950
2026-10-09T17:25,7664629251047443734,2026-07-20T15:16,1946.2,57,836,43,1,0,2,Woman vanishes at gas station. What do you think happened to her? #truecrime #documentary #texas #disappearance #2020s
2026-10-09T17:25,7664572841953692950,2026-07-20T11:37,1949.8,53,320,23,0,0,3,"Child murdered, case closed. What really happened? #truecrime #documentary #philadelphia #murder #1980s"
2026-10-09T17:25,7664219125237009686,2026-07-19T12:44,1972.7,59,847,55,2,0,6,Boy vanishes while playing. What do you think happened to him? #truecrime #documentary #India #disappearance #2000s
2026-10-09T17:25,7664180416194219286,2026-07-19T10:14,1975.2,62,743,11,0,0,2,Mysterious death in Bogotá. What do you think happened to Luis Andres Colmenares? #truecrime #documentary #colombia #mur
2026-10-09T17:25,7663910396830453014,2026-07-18T16:46,1992.7,65,794,20,1,0,1,Aid workers vanish. What drove the kidnappers? #truecrime #documentary #sudan #kidnapping #2000s
2026-10-09T17:25,7663850332262305046,2026-07-18T12:53,1996.5,60,276,17,1,0,2,Teen dies in brawl. What really happened that night? #truecrime #documentary #ireland #murder #2000s
2026-10-09T17:25,7663795684457434390,2026-07-18T09:21,2000.1,56,267,18,1,0,4,Murder in a summerhouse. What drove the killer to commit this crime? #truecrime #documentary #uk #murder #1900s
2026-10-09T17:25,7663535394587446530,2026-07-17T16:31,2016.9,82,374,32,1,0,6,Three girls vanished in Vienna but the truth was not what it seemed. Do you think a single killer was responsible for th
2026-10-09T17:25,7663512944780512534,2026-07-17T15:04,2018.4,72,263,7,0,1,3,One block of marble hides a brutal secret. What do you think the sculptor was actually thinking? #truecrime #documentary
2026-10-09T17:25,7663457889155026198,2026-07-17T11:30,2021.9,52,745,10,0,0,2,Mysterious death of a journalist. What do you think happened? #truecrime #documentary #Florida #murder #2000s
2026-10-09T17:25,7663448643042692374,2026-07-17T10:54,2022.5,59,2006,33,0,0,3,#truecrime #truecrimetiktok #truecrimecommunity #coldcase #unsolved          
2026-10-09T17:25,7652703649130417430,2026-06-18T11:58,2717.5,46,724,13,2,0,3,0verlypaid
2026-10-09T17:25,7652445430311095574,2026-06-17T19:16,2734.2,57,745,34,1,1,3,Family Brutally Murdered In Cold Blood #truecrime #truecrimetiktok #truecrimecommunity #coldcase #unsolved          
2026-10-09T17:25,7652031258263932182,2026-06-16T16:29,2760.9,66,928,47,2,0,4,Desperate whisper sparks deadly mystery #truecrime #truecrimetiktok #truecrimecommunity #coldcase #unsolved          
2026-10-09T17:25,7651932515124415766,2026-06-16T10:06,2767.3,56,1008,27,2,0,2,Family of Four Brutally Murdered Overnight #truecrime #truecrimetiktok #truecrimecommunity #coldcase #unsolved          
2026-10-09T17:25,7650914315708534038,2026-06-13T16:15,2833.2,49,302,11,0,0,1,Axe Kills Five in One Night #truecrime #truecrimetiktok #truecrimecommunity #coldcase #unsolved          
2026-10-09T17:25,7650874138927615254,2026-06-13T13:39,2835.8,58,734,27,0,0,2,Family of three brutally murdered instantly #truecrime #truecrimetiktok #truecrimecommunity #coldcase #unsolved         
2026-10-09T17:25,7650828154604457238,2026-06-13T10:40,2838.8,60,807,13,1,0,1,Bully murdered in broad daylight chaos #truecrime #truecrimetiktok #truecrimecommunity #coldcase #unsolved          
2026-10-09T17:25,7650568376988798230,2026-06-12T17:52,2855.6,54,253,18,0,0,1,Dead Man's Note Exposes Murder Conspiracy #truecrime #truecrimetiktok #truecrimecommunity #coldcase #unsolved          
2026-10-09T17:25,7650519934396681494,2026-06-12T14:44,2858.7,64,734,44,3,2,5,Tobacco Farmer Murders Entire Family #truecrime #truecrimetiktok #truecrimecommunity #coldcase #unsolved          
2026-10-09T17:25,7650475867365330198,2026-06-12T11:53,2861.5,54,351,24,0,0,3,Maura Murray's Mysterious Crash #truecrime #truecrimetiktok #truecrimecommunity #coldcase #unsolved          
2026-10-09T17:25,7650204933215538454,2026-06-11T18:22,2879.1,59,299,13,0,0,0,Mysterious Brand Leaves Investigators Baffled Forever #truecrime #truecrimetiktok #truecrimecommunity #coldcase #unsolve
2026-10-09T17:25,7650114318582762774,2026-06-11T12:30,2884.9,58,955,14,0,3,2,Tara Calico's chilling disappearance revealed #truecrime #truecrimetiktok #truecrimecommunity #coldcase #unsolved       
2026-10-09T17:25,7649838399452351767,2026-06-10T18:40,2902.8,61,298,13,1,0,1,Nun's Body Found Bludgeoned to Death #truecrime #truecrimetiktok #truecrimecommunity #coldcase #unsolved          
2026-10-09T17:25,7649795697377611010,2026-06-10T15:54,2905.5,40,294,13,0,0,2,Hikers found mutilated and radioactive nearby #truecrime #truecrimetiktok #truecrimecommunity #coldcase #unsolved       
2026-10-09T17:25,7649736747475258646,2026-06-10T12:05,2909.3,40,305,14,1,0,0,Husband Reports Wife Missing Too Late #truecrime #truecrimetiktok #truecrimecommunity #coldcase #unsolved       
2026-10-09T17:25,7649718364000046358,2026-06-10T10:54,2910.5,46,293,30,1,1,4,Bodies found with no struggle signs #horror #scarystory #horrortok #scarytok #fyp          
2026-10-10T01:51,7694761939821464864,2026-10-09T20:05,5.8,45,706,20,1,0,5,"Linda Smith case. | UK crime story. She vanished with a scarf, found dead miles away. Was the mysterious car a trap, and"
2026-10-10T01:51,7694727875798306080,2026-10-09T17:53,8.0,37,698,16,2,0,0,"Keith Lyon case. | UK crime story. A young boy vanished after a routine errand, and clues are scarce. What happened on t"
2026-10-10T01:51,7694397039211253025,2026-10-08T20:29,29.4,40,733,30,1,1,3,"Nicola Bulley case. | UK crime story. A missing mother’s body found miles from where she vanished, clues vanished too. W"
2026-10-10T01:51,7694364992589679905,2026-10-08T18:25,31.4,37,817,14,0,0,2,"Janet Brown case. | UK crime story. She set off the alarm, yet the intruder vanished. What could the motive be? #ukcrime"
2026-10-10T01:51,7694327068481293600,2026-10-08T15:58,33.9,37,709,14,1,0,1,Andrew Cunningham case. | UK crime story. A shocking murder near a packed pub. Was it revenge or robbery? #ukcrime #crim
2026-10-10T01:51,7694026221360778529,2026-10-07T20:31,53.3,35,285,25,1,0,3,"Lindsay Rimer case. | UK crime story. A teen vanished after buying cornflakes, her body later found in a canal. Why was "
2026-10-10T01:51,7693993856353701153,2026-10-07T18:25,55.4,44,749,11,0,0,0,"Carole Packman case. | UK crime story. A husband faked his death, then vanished his wife without a trace. Where is Carol"
2026-10-10T01:51,7693954156461133088,2026-10-07T15:51,58.0,43,734,13,0,0,2,"April Fabb case. | UK crime story. A 14‑year‑old vanished in minutes, leaving only her bike behind. Did she fall, get ab"
2026-10-10T01:51,7693579992860577056,2026-10-06T15:39,82.2,37,710,13,0,0,2,"Lyn Bryant case. | UK crime story. A peaceful walk turned deadly beside a tiny chapel. The driver, the white van, and th"
2026-10-10T01:51,7693453923545369888,2026-10-06T07:30,90.4,26,739,14,0,0,1,Ipswich serial murders case. | UK crime story. Five bodies were found in Ipswich. How did police connect these separate 
2026-10-10T01:51,7693238782992174368,2026-10-05T17:35,104.3,32,260,31,1,0,5,Kate Bushell case. | UK crime story. A teen vanished near her home. Who were the strangers seen that night? #ukcrime #cr
2026-10-10T01:51,7692883830927084833,2026-10-04T18:37,127.2,42,849,25,1,0,2,Lisa Hession case. | UK crime story. She went missing in ninety minutes. The motive and link to local assaults remain un
2026-10-10T01:51,7692847004338113824,2026-10-04T16:15,129.6,36,259,23,3,2,4,Emily Armstrong case. | UK crime story. A quiet dry‑cleaner turned crime scene when a handkerchief appeared. Why did the
2026-10-10T01:51,7692819751910837537,2026-10-04T14:29,131.4,40,751,19,0,0,0,Sandy Davidson case. | UK crime story. Garden Gate Mystery: Child Disappears Chasing Dog #ukcrime #crimetok #truecrime #
2026-10-10T01:51,7692485248524815649,2026-10-03T16:51,153.0,34,790,8,0,1,1,Billie-Jo Jenkins case. | UK crime story. A tent peg turned into a deadly weapon in a teen's garden. What really happene
2026-10-10T01:51,7679523624922991875,2026-08-29T18:33,991.3,41,349,32,2,0,3,Helen Fleet case. | UK crime story. She called police four times to confess — and no one ever proved if she was telling 
2026-10-10T01:51,7679449889666895127,2026-08-29T13:47,996.1,23,765,11,0,0,2,Arlene Fraser case. | UK crime story. A burnt Fiesta hides a vanished mother’s secret. Where is Arlene’s body and what e
2026-10-10T01:51,7679354232058727702,2026-08-29T07:36,1002.3,67,871,28,1,0,4,"Alex Sloley case. | UK crime story. He walked home for his birthday at sixteen, and the planet just swallowed him. No CC"
2026-10-10T01:51,7679164180154289430,2026-08-28T19:19,1014.5,74,285,14,0,0,3,A night of dancing ends with a silver Volvo vanishing into darkness.  Deal or abduction? #truecrime #truecrimetiktok #tr
2026-10-10T01:51,7679160242956963094,2026-08-28T19:03,1014.8,65,790,33,3,1,3,A 14‑year‑old vanished from King’s Cross after a mysterious cash withdrawal. Kidnapped or ran away? #truecrime #truecrim
2026-10-10T01:51,7679070150636686614,2026-08-28T13:14,1020.6,67,759,27,1,1,4,A teen vanished from a packed London tube with only a yellow bag. Kidnapped or runaway? #truecrime #truecrimetiktok #tru
2026-10-10T01:51,7678061070090652950,2026-08-25T19:58,1085.9,71,374,33,2,3,2,Six‑Year‑Old Vanishes After Walking Home​ #truecrime #truecrimetiktok #truecrimecommunity #disappearance #EtanPatz
2026-10-10T01:51,7677953057879100694,2026-08-25T12:59,1092.9,66,321,25,1,0,3,"A 73‑year‑old found dead in her flat, neighbors heard nothing after 9 p.m. Was it a random robbery, or a targeted attack"
2026-10-10T01:51,7676800594526637314,2026-08-22T10:27,1167.4,63,732,3,0,0,1,Murder at Newington: Secrets #truecrime #truecrimetiktok #truecrimecommunity #unsolved #coldcase
2026-10-10T01:51,7676456670943268118,2026-08-21T12:12,1189.7,72,847,11,0,2,3,Balcony Vanish: Daughter Dis #truecrime #truecrimetiktok #truecrimecommunity #disappearance #AmyLynnBradley
2026-10-10T01:51,7676153070690094358,2026-08-20T16:34,1209.3,62,358,17,0,1,4,Cousins Vanish at Utah #truecrime #truecrimetiktok #truecrimecommunity #murder #utah
2026-10-10T01:51,7672760029682093334,2026-08-11T13:07,1428.7,37,363,19,1,0,2,Mystery in Philadelphia. Accident or murder? #truecrime #truecrimetiktok #truecrimecommunity #disappearance #Imbo
2026-10-10T01:51,7672718092161617174,2026-08-11T10:25,1431.4,48,303,24,2,0,1,Woman vanishes at station. Murder or accident? #truecrime #truecrimetiktok #truecrimecommunity #disappearance #MacDiarmi
2026-10-10T01:51,7670517233780739350,2026-08-05T12:04,1573.8,54,261,10,1,0,2,Journalists vanish in Syria. Accident or kidnapping? #truecrime #truecrimetiktok #truecrimecommunity #kidnapping #Pampli
2026-10-10T01:51,7668676796283440406,2026-07-31T13:02,1692.8,55,321,17,0,0,2,Murders in a small town. Accident or murder? #truecrime #truecrimetiktok #truecrimecommunity #unsolved #LewisClark
2026-10-10T01:51,7668601030401166614,2026-07-31T08:08,1697.7,62,701,13,0,0,5,Deadly drinks everywhere. Accident or sabotage? #truecrime #truecrimetiktok #truecrimecommunity #murder #paraquat
2026-10-10T01:51,7667605651031330070,2026-07-28T15:46,1762.1,61,278,19,1,0,4,Man kidnapped in Iraq. War or diplomacy? #truecrime #truecrimetiktok #truecrimecommunity #kidnapping #delacruz
2026-10-10T01:51,7665803858110680342,2026-07-23T19:14,1878.6,70,261,10,0,0,3,Two officers pulled off the boldest kidnapping of World War II. Strategic success or propaganda victory? #truecrime #tru
2026-10-10T01:51,7665404105988394262,2026-07-22T17:22,1904.5,47,731,8,0,0,3,Death for a text. Guilty or framed? #truecrime #truecrimetiktok #truecrimecommunity #blasphemy #unsolved
2026-10-10T01:51,7665020369006300438,2026-07-21T16:33,1929.3,56,754,27,0,0,3,Cold case mystery deepens. Accident or murder? #truecrime #truecrimetiktok #truecrimecommunity #murder #Ormesher
2026-10-10T01:51,7664651252717997334,2026-07-20T16:41,1953.2,59,255,9,1,0,2,Teen vanishes without a clue. What do you think happened to her? #truecrime #documentary #wisconsin #disappearance #1950
2026-10-10T01:51,7664629251047443734,2026-07-20T15:16,1954.6,57,836,43,1,0,2,Woman vanishes at gas station. What do you think happened to her? #truecrime #documentary #texas #disappearance #2020s
2026-10-10T01:51,7664572841953692950,2026-07-20T11:37,1958.2,53,320,23,0,0,3,"Child murdered, case closed. What really happened? #truecrime #documentary #philadelphia #murder #1980s"
2026-10-10T01:51,7664219125237009686,2026-07-19T12:44,1981.1,59,847,55,2,0,6,Boy vanishes while playing. What do you think happened to him? #truecrime #documentary #India #disappearance #2000s
2026-10-10T01:51,7664180416194219286,2026-07-19T10:14,1983.6,62,743,11,0,0,2,Mysterious death in Bogotá. What do you think happened to Luis Andres Colmenares? #truecrime #documentary #colombia #mur
2026-10-10T01:51,7663910396830453014,2026-07-18T16:46,2001.1,65,794,20,1,0,1,Aid workers vanish. What drove the kidnappers? #truecrime #documentary #sudan #kidnapping #2000s
2026-10-10T01:51,7663850332262305046,2026-07-18T12:53,2005.0,60,276,17,1,0,2,Teen dies in brawl. What really happened that night? #truecrime #documentary #ireland #murder #2000s
2026-10-10T01:51,7663795684457434390,2026-07-18T09:21,2008.5,56,267,18,1,0,4,Murder in a summerhouse. What drove the killer to commit this crime? #truecrime #documentary #uk #murder #1900s
2026-10-10T01:51,7663535394587446530,2026-07-17T16:31,2025.3,82,374,32,1,0,6,Three girls vanished in Vienna but the truth was not what it seemed. Do you think a single killer was responsible for th
2026-10-10T01:51,7663512944780512534,2026-07-17T15:04,2026.8,72,263,7,0,1,3,One block of marble hides a brutal secret. What do you think the sculptor was actually thinking? #truecrime #documentary
2026-10-10T01:51,7663457889155026198,2026-07-17T11:30,2030.4,52,745,10,0,0,2,Mysterious death of a journalist. What do you think happened? #truecrime #documentary #Florida #murder #2000s
2026-10-10T01:51,7663448643042692374,2026-07-17T10:54,2031.0,59,2006,33,0,0,3,#truecrime #truecrimetiktok #truecrimecommunity #coldcase #unsolved          
2026-10-10T01:51,7652703649130417430,2026-06-18T11:58,2725.9,46,724,13,2,0,3,0verlypaid
2026-10-10T01:51,7652445430311095574,2026-06-17T19:16,2742.6,57,745,34,1,1,3,Family Brutally Murdered In Cold Blood #truecrime #truecrimetiktok #truecrimecommunity #coldcase #unsolved          
2026-10-10T01:51,7652031258263932182,2026-06-16T16:29,2769.4,66,928,47,2,0,4,Desperate whisper sparks deadly mystery #truecrime #truecrimetiktok #truecrimecommunity #coldcase #unsolved          
2026-10-10T01:51,7651932515124415766,2026-06-16T10:06,2775.8,56,1008,27,2,0,2,Family of Four Brutally Murdered Overnight #truecrime #truecrimetiktok #truecrimecommunity #coldcase #unsolved          
2026-10-10T01:51,7650914315708534038,2026-06-13T16:15,2841.6,49,302,11,0,0,1,Axe Kills Five in One Night #truecrime #truecrimetiktok #truecrimecommunity #coldcase #unsolved          
2026-10-10T01:51,7650874138927615254,2026-06-13T13:39,2844.2,58,734,27,0,0,2,Family of three brutally murdered instantly #truecrime #truecrimetiktok #truecrimecommunity #coldcase #unsolved         
2026-10-10T01:51,7650828154604457238,2026-06-13T10:40,2847.2,60,807,13,1,0,1,Bully murdered in broad daylight chaos #truecrime #truecrimetiktok #truecrimecommunity #coldcase #unsolved          
2026-10-10T01:51,7650568376988798230,2026-06-12T17:52,2864.0,54,253,18,0,0,1,Dead Man's Note Exposes Murder Conspiracy #truecrime #truecrimetiktok #truecrimecommunity #coldcase #unsolved          
2026-10-10T01:51,7650519934396681494,2026-06-12T14:44,2867.1,64,734,44,3,2,5,Tobacco Farmer Murders Entire Family #truecrime #truecrimetiktok #truecrimecommunity #coldcase #unsolved          
2026-10-10T01:51,7650475867365330198,2026-06-12T11:53,2870.0,54,351,24,0,0,3,Maura Murray's Mysterious Crash #truecrime #truecrimetiktok #truecrimecommunity #coldcase #unsolved          
2026-10-10T01:51,7650204933215538454,2026-06-11T18:22,2887.5,59,299,13,0,0,0,Mysterious Brand Leaves Investigators Baffled Forever #truecrime #truecrimetiktok #truecrimecommunity #coldcase #unsolve
2026-10-10T01:51,7650114318582762774,2026-06-11T12:30,2893.4,58,955,14,0,3,2,Tara Calico's chilling disappearance revealed #truecrime #truecrimetiktok #truecrimecommunity #coldcase #unsolved       
2026-10-10T01:51,7649838399452351767,2026-06-10T18:40,2911.2,61,298,13,1,0,1,Nun's Body Found Bludgeoned to Death #truecrime #truecrimetiktok #truecrimecommunity #coldcase #unsolved          
2026-10-10T01:51,7649795697377611010,2026-06-10T15:54,2914.0,40,294,13,0,0,2,Hikers found mutilated and radioactive nearby #truecrime #truecrimetiktok #truecrimecommunity #coldcase #unsolved       
2026-10-10T01:51,7649736747475258646,2026-06-10T12:05,2917.8,40,305,14,1,0,0,Husband Reports Wife Missing Too Late #truecrime #truecrimetiktok #truecrimecommunity #coldcase #unsolved       
2026-10-10T01:51,7649718364000046358,2026-06-10T10:54,2919.0,46,293,30,1,1,4,Bodies found with no struggle signs #horror #scarystory #horrortok #scarytok #fyp          
